{
    "name": "outputlocationdataset",
    "properties": {
        "linkedServiceName": {
            "referenceName": "Linkedservice_Storage",
            "type": "LinkedServiceReference"
        },
        "parameters": {
            "outputfolder": {
                "type": "string"
            }
        },
        "annotations": [],
        "type": "Binary",
        "typeProperties": {
            "location": {
                "type": "AzureBlobStorageLocation",
                "folderPath": {
                    "value": "@dataset().outputfolder",
                    "type": "Expression"
                },
                "container": "adfdemo"
            }
        }
    },
    "type": "Microsoft.DataFactory/factories/datasets"
}