{
    "now": "2025-07-13T16:35:07.612Z",
    "perfNow": 114089.30000001192,
    "diagnosticCorrelation": "c51a354a-1bc0-4b4b-a17a-b87cc6b338bf",
    "source": "DownloadSupportFiles",
    "environment": {
        "productName": "adf",
        "buildVersion": "1.0.070225.16",
        "environmentType": 3,
        "resourceName": "ADF-Practise-23062025",
        "resourceRegion": "eastus",
        "resourceGroup": "RG_ADF",
        "subscriptionId": "2b1587f3-945e-4ff8-be4e-114eaeac3a1a",
        "sessionId": "TFtfkGuo4jhDs33uN3oDfr",
        "operationId": "",
        "gitType": "live",
        "loggingKey": "d91fec47-ec16-43aa-9de3-a77aed4095aa"
    },
    "additionalInfo": {
        "selectedResource": "IF_Activity_0207",
        "selectedResourceType": "pipeline"
    }
}