{
    "name": "Lookup_Activity_0407",
    "properties": {
        "activities": [
            {
                "name": "Lookup1",
                "type": "Lookup",
                "dependsOn": [],
                "policy": {
                    "timeout": "0.12:00:00",
                    "retry": 0,
                    "retryIntervalInSeconds": 30,
                    "secureOutput": false,
                    "secureInput": false
                },
                "userProperties": [],
                "typeProperties": {
                    "source": {
                        "type": "SqlServerSource",
                        "queryTimeout": "02:00:00",
                        "partitionOption": "None"
                    },
                    "dataset": {
                        "referenceName": "Dataset_SQL_Table",
                        "type": "DatasetReference",
                        "parameters": {
                            "table_name": "Customer",
                            "db_name": "testdb",
                            "schema_name": "SalesLT"
                        }
                    },
                    "firstRowOnly": false
                }
            }
        ],
        "annotations": [],
        "lastPublishTime": "2025-07-03T20:59:51Z"
    },
    "type": "Microsoft.DataFactory/factories/pipelines"
}