{
    "name": "Set_Variable_Activity_0407",
    "properties": {
        "activities": [
            {
                "name": "Lookup1",
                "type": "Lookup",
                "dependsOn": [],
                "policy": {
                    "timeout": "0.12:00:00",
                    "retry": 0,
                    "retryIntervalInSeconds": 30,
                    "secureOutput": false,
                    "secureInput": false
                },
                "userProperties": [],
                "typeProperties": {
                    "source": {
                        "type": "SqlServerSource",
                        "queryTimeout": "02:00:00",
                        "partitionOption": "None"
                    },
                    "dataset": {
                        "referenceName": "Dataset_SQL_Table",
                        "type": "DatasetReference",
                        "parameters": {
                            "table_name": "Customer",
                            "db_name": "testdb",
                            "schema_name": "SalesLT"
                        }
                    },
                    "firstRowOnly": true
                }
            },
            {
                "name": "Set variable1",
                "type": "SetVariable",
                "dependsOn": [
                    {
                        "activity": "Lookup1",
                        "dependencyConditions": [
                            "Succeeded"
                        ]
                    }
                ],
                "policy": {
                    "secureOutput": false,
                    "secureInput": false
                },
                "userProperties": [],
                "typeProperties": {
                    "variableName": "Last Refresh Date",
                    "value": {
                        "value": "@activity('Lookup1').output.firstrow.FirstName",
                        "type": "Expression"
                    }
                }
            }
        ],
        "variables": {
            "Last Refresh Date": {
                "type": "String"
            }
        },
        "annotations": [],
        "lastPublishTime": "2025-07-06T09:17:36Z"
    },
    "type": "Microsoft.DataFactory/factories/pipelines"
}