{
    "name": "Set_Variable_3006",
    "properties": {
        "activities": [
            {
                "name": "Set value for filetype",
                "type": "SetVariable",
                "dependsOn": [],
                "policy": {
                    "secureOutput": false,
                    "secureInput": false
                },
                "userProperties": [],
                "typeProperties": {
                    "variableName": "filetype",
                    "value": {
                        "value": "@replace(pipeline().parameters.filename,'sale','')",
                        "type": "Expression"
                    }
                }
            }
        ],
        "parameters": {
            "filename": {
                "type": "string",
                "defaultValue": "dailysale"
            }
        },
        "variables": {
            "filetype": {
                "type": "String",
                "defaultValue": "dailysales"
            }
        },
        "annotations": [],
        "lastPublishTime": "2025-07-06T09:17:36Z"
    },
    "type": "Microsoft.DataFactory/factories/pipelines"
}