{
    "name": "Copy_Activity_Dynamic_2406",
    "properties": {
        "activities": [
            {
                "name": "Copy data1",
                "type": "Copy",
                "dependsOn": [],
                "policy": {
                    "timeout": "0.12:00:00",
                    "retry": 0,
                    "retryIntervalInSeconds": 30,
                    "secureOutput": false,
                    "secureInput": false
                },
                "userProperties": [],
                "typeProperties": {
                    "source": {
                        "type": "SqlServerSource",
                        "queryTimeout": "02:00:00",
                        "partitionOption": "None"
                    },
                    "sink": {
                        "type": "SqlServerSink",
                        "writeBehavior": "insert",
                        "sqlWriterUseTableLock": false
                    },
                    "enableStaging": false,
                    "translator": {
                        "type": "TabularTranslator",
                        "typeConversion": true,
                        "typeConversionSettings": {
                            "allowDataTruncation": true,
                            "treatBooleanAsNumber": false
                        }
                    }
                },
                "inputs": [
                    {
                        "referenceName": "Dataset_SQL_Table",
                        "type": "DatasetReference",
                        "parameters": {
                            "table_name": "employee",
                            "db_name": "testdb",
                            "schema_name": "dbo"
                        }
                    }
                ],
                "outputs": [
                    {
                        "referenceName": "Dataset_SQL_Table",
                        "type": "DatasetReference",
                        "parameters": {
                            "table_name": "employee",
                            "db_name": "testdb",
                            "schema_name": "dbo"
                        }
                    }
                ]
            }
        ],
        "annotations": [],
        "lastPublishTime": "2025-07-06T09:17:36Z"
    },
    "type": "Microsoft.DataFactory/factories/pipelines"
}