{
    "name": "Copy_Activity_2306",
    "properties": {
        "activities": [
            {
                "name": "Copy data1",
                "type": "Copy",
                "dependsOn": [],
                "policy": {
                    "timeout": "0.12:00:00",
                    "retry": 0,
                    "retryIntervalInSeconds": 30,
                    "secureOutput": false,
                    "secureInput": false
                },
                "userProperties": [],
                "typeProperties": {
                    "source": {
                        "type": "DelimitedTextSource",
                        "storeSettings": {
                            "type": "AzureBlobStorageReadSettings",
                            "recursive": true,
                            "enablePartitionDiscovery": false
                        },
                        "formatSettings": {
                            "type": "DelimitedTextReadSettings"
                        }
                    },
                    "sink": {
                        "type": "DelimitedTextSink",
                        "storeSettings": {
                            "type": "AzureBlobStorageWriteSettings"
                        },
                        "formatSettings": {
                            "type": "DelimitedTextWriteSettings",
                            "quoteAllText": true,
                            "fileExtension": ".txt"
                        }
                    },
                    "enableStaging": false,
                    "translator": {
                        "type": "TabularTranslator",
                        "mappings": [
                            {
                                "source": {
                                    "name": "State/UTs",
                                    "type": "String",
                                    "physicalType": "String"
                                },
                                "sink": {
                                    "name": "State/UTs",
                                    "type": "String",
                                    "physicalType": "String"
                                }
                            },
                            {
                                "source": {
                                    "name": "Total Cases",
                                    "type": "String",
                                    "physicalType": "String"
                                },
                                "sink": {
                                    "name": "Total Cases",
                                    "type": "String",
                                    "physicalType": "String"
                                }
                            },
                            {
                                "source": {
                                    "name": "Date",
                                    "type": "String",
                                    "physicalType": "String"
                                },
                                "sink": {
                                    "name": "Date",
                                    "type": "String",
                                    "physicalType": "String"
                                }
                            },
                            {
                                "source": {
                                    "name": "Year",
                                    "type": "String",
                                    "physicalType": "String"
                                },
                                "sink": {
                                    "name": "Year",
                                    "type": "String",
                                    "physicalType": "String"
                                }
                            }
                        ],
                        "typeConversion": true,
                        "typeConversionSettings": {
                            "allowDataTruncation": true,
                            "treatBooleanAsNumber": false
                        }
                    }
                },
                "inputs": [
                    {
                        "referenceName": "Source_Dataset_CSV",
                        "type": "DatasetReference"
                    }
                ],
                "outputs": [
                    {
                        "referenceName": "Destination_Dataset",
                        "type": "DatasetReference"
                    }
                ]
            }
        ],
        "parameters": {
            "SOURCE_TABLE": {
                "type": "string"
            },
            "DB_NAME": {
                "type": "string"
            },
            "DESTINATION_TABLE": {
                "type": "string"
            },
            "SCHEMA_NAME": {
                "type": "string"
            }
        },
        "annotations": [],
        "lastPublishTime": "2025-07-06T09:17:36Z"
    },
    "type": "Microsoft.DataFactory/factories/pipelines"
}