{
    "name": "Delete_Activity_2506",
    "properties": {
        "activities": [
            {
                "name": "Delete1",
                "type": "Delete",
                "dependsOn": [],
                "policy": {
                    "timeout": "0.12:00:00",
                    "retry": 0,
                    "retryIntervalInSeconds": 30,
                    "secureOutput": false,
                    "secureInput": false
                },
                "userProperties": [
                    {
                        "name": "FilesDeleted",
                        "value": "all txt file of output folder will be deleted"
                    }
                ],
                "typeProperties": {
                    "dataset": {
                        "referenceName": "Output_Dataset",
                        "type": "DatasetReference"
                    },
                    "logStorageSettings": {
                        "linkedServiceName": {
                            "referenceName": "Linkedservice_Storage",
                            "type": "LinkedServiceReference"
                        },
                        "path": "adfdemo"
                    },
                    "enableLogging": true,
                    "storeSettings": {
                        "type": "AzureBlobStorageReadSettings",
                        "recursive": true,
                        "enablePartitionDiscovery": false
                    }
                }
            }
        ],
        "annotations": [],
        "lastPublishTime": "2025-07-06T09:17:36Z"
    },
    "type": "Microsoft.DataFactory/factories/pipelines"
}