{
    "name": "Wait_Activity_0207",
    "properties": {
        "activities": [
            {
                "name": "Wait1",
                "type": "Wait",
                "dependsOn": [],
                "userProperties": [],
                "typeProperties": {
                    "waitTimeInSeconds": 10
                }
            },
            {
                "name": "Stored procedure1",
                "type": "SqlServerStoredProcedure",
                "dependsOn": [
                    {
                        "activity": "Wait1",
                        "dependencyConditions": [
                            "Completed"
                        ]
                    }
                ],
                "policy": {
                    "timeout": "0.12:00:00",
                    "retry": 0,
                    "retryIntervalInSeconds": 30,
                    "secureOutput": false,
                    "secureInput": false
                },
                "userProperties": [],
                "typeProperties": {
                    "storedProcedureName": "[dbo].[ShreeGanesh_SP]"
                },
                "linkedServiceName": {
                    "referenceName": "Linked_Service_SQL",
                    "type": "LinkedServiceReference",
                    "parameters": {
                        "dbname": "testdb"
                    }
                }
            }
        ],
        "annotations": [],
        "lastPublishTime": "2025-07-06T09:21:11Z"
    },
    "type": "Microsoft.DataFactory/factories/pipelines"
}