{
    "now": "2025-07-13T16:36:30.429Z",
    "perfNow": 196906.20000001788,
    "diagnosticCorrelation": "234b0a1b-b70e-4e91-a470-51b4a12d074f",
    "source": "DownloadSupportFiles",
    "environment": {
        "productName": "adf",
        "buildVersion": "1.0.070225.16",
        "environmentType": 3,
        "resourceName": "ADF-Practise-23062025",
        "resourceRegion": "eastus",
        "resourceGroup": "RG_ADF",
        "subscriptionId": "2b1587f3-945e-4ff8-be4e-114eaeac3a1a",
        "sessionId": "TFtfkGuo4jhDs33uN3oDfr",
        "operationId": "",
        "gitType": "live",
        "loggingKey": "d91fec47-ec16-43aa-9de3-a77aed4095aa"
    },
    "additionalInfo": {
        "selectedResource": "Pipeline_Dependency_0407",
        "selectedResourceType": "pipeline"
    }
}