{
    "name": "Filter_Activity_0407",
    "properties": {
        "activities": [
            {
                "name": "Filter1",
                "type": "Filter",
                "dependsOn": [
                    {
                        "activity": "Get Metadata1",
                        "dependencyConditions": [
                            "Succeeded"
                        ]
                    }
                ],
                "userProperties": [],
                "typeProperties": {
                    "items": {
                        "value": "@activity('Get Metadata1').output.size",
                        "type": "Expression"
                    },
                    "condition": {
                        "value": "@contains(item().Size,55)",
                        "type": "Expression"
                    }
                }
            },
            {
                "name": "Get Metadata1",
                "type": "GetMetadata",
                "dependsOn": [],
                "policy": {
                    "timeout": "0.12:00:00",
                    "retry": 0,
                    "retryIntervalInSeconds": 30,
                    "secureOutput": false,
                    "secureInput": false
                },
                "userProperties": [],
                "typeProperties": {
                    "dataset": {
                        "referenceName": "Input_Dataset_Text",
                        "type": "DatasetReference"
                    },
                    "fieldList": [
                        "itemName",
                        "itemType",
                        "lastModified",
                        "size"
                    ],
                    "storeSettings": {
                        "type": "AzureBlobStorageReadSettings",
                        "recursive": true,
                        "enablePartitionDiscovery": false
                    },
                    "formatSettings": {
                        "type": "BinaryReadSettings"
                    }
                }
            }
        ],
        "annotations": [],
        "lastPublishTime": "2025-07-06T09:17:36Z"
    },
    "type": "Microsoft.DataFactory/factories/pipelines"
}