{
    "name": "trigger1",
    "properties": {
        "annotations": [],
        "runtimeState": "Stopped",
        "pipelines": [
            {
                "pipelineReference": {
                    "referenceName": "Copy_Activity_Dynamic_2406",
                    "type": "PipelineReference"
                }
            }
        ],
        "type": "ScheduleTrigger",
        "typeProperties": {
            "recurrence": {
                "frequency": "Minute",
                "interval": 1,
                "startTime": "2025-06-27T02:54:00",
                "timeZone": "India Standard Time"
            }
        }
    }
}