{
    "name": "Join_Transformation_Inline_0707",
    "properties": {
        "type": "MappingDataFlow",
        "typeProperties": {
            "sources": [
                {
                    "linkedService": {
                        "referenceName": "Linkedservice_Storage",
                        "type": "LinkedServiceReference"
                    },
                    "name": "source1"
                },
                {
                    "linkedService": {
                        "referenceName": "Linkedservice_Storage",
                        "type": "LinkedServiceReference"
                    },
                    "name": "source2"
                }
            ],
            "sinks": [
                {
                    "linkedService": {
                        "referenceName": "Linkedservice_Storage",
                        "type": "LinkedServiceReference"
                    },
                    "name": "Join",
                    "rejectedDataLinkedService": {
                        "referenceName": "Linkedservice_Storage",
                        "type": "LinkedServiceReference"
                    }
                }
            ],
            "transformations": [
                {
                    "name": "join1"
                }
            ],
            "scriptLines": [
                "source(output(",
                "          {State/UTs} as string,",
                "          {Total Cases} as integer,",
                "          Population as integer,",
                "          Year as integer",
                "     ),",
                "     allowSchemaDrift: true,",
                "     validateSchema: false,",
                "     ignoreNoFilesFound: false,",
                "     format: 'excel',",
                "     container: 'adfdemo',",
                "     folderPath: 'input',",
                "     fileName: 'Excel_Practise_0707.xlsx',",
                "     sheetName: 'Excel_Practise',",
                "     firstRowAsHeader: true) ~> source1",
                "source(output(",
                "          {State/UTs} as string,",
                "          {First Whole Word} as string,",
                "          {Last 3 Alpha} as string,",
                "          {Merge 2 Column} as string,",
                "          {Total Cases} as integer,",
                "          Population as integer,",
                "          Date as string,",
                "          Day as integer,",
                "          Month as integer,",
                "          Year as integer",
                "     ),",
                "     allowSchemaDrift: true,",
                "     validateSchema: false,",
                "     ignoreNoFilesFound: false,",
                "     format: 'excel',",
                "     container: 'adfdemo',",
                "     folderPath: 'input',",
                "     fileName: 'Excel_Practise.xlsx',",
                "     sheetName: 'Excel_Practise',",
                "     firstRowAsHeader: true) ~> source2",
                "source1, source2 join(source1@Year == source2@Year,",
                "     joinType:'left',",
                "     matchType:'exact',",
                "     ignoreSpaces: false,",
                "     broadcast: 'auto')~> join1",
                "join1 sink(allowSchemaDrift: true,",
                "     validateSchema: false,",
                "     format: 'delimited',",
                "     container: 'adfdemo',",
                "     folderPath: 'output',",
                "     columnDelimiter: ',',",
                "     escapeChar: '\\\\',",
                "     quoteChar: '\\\"',",
                "     columnNamesAsHeader: false,",
                "     skipDuplicateMapInputs: true,",
                "     skipDuplicateMapOutputs: true) ~> Join"
            ]
        }
    }
}