{
    "now": "2025-07-13T16:37:07.609Z",
    "perfNow": 234086.80000001192,
    "diagnosticCorrelation": "4b138eee-dea0-4fac-93e9-13bad2514c56",
    "source": "DownloadSupportFiles",
    "environment": {
        "productName": "adf",
        "buildVersion": "1.0.070225.16",
        "environmentType": 3,
        "resourceName": "ADF-Practise-23062025",
        "resourceRegion": "eastus",
        "resourceGroup": "RG_ADF",
        "subscriptionId": "2b1587f3-945e-4ff8-be4e-114eaeac3a1a",
        "sessionId": "TFtfkGuo4jhDs33uN3oDfr",
        "operationId": "",
        "gitType": "live",
        "loggingKey": "d91fec47-ec16-43aa-9de3-a77aed4095aa"
    },
    "additionalInfo": {
        "selectedResource": "User_Properties_0307",
        "selectedResourceType": "pipeline"
    }
}