{
    "now": "2025-07-13T16:35:25.577Z",
    "perfNow": 132054.5,
    "diagnosticCorrelation": "8f1bec61-5a18-4485-a2d7-e71736e5aff8",
    "source": "DownloadSupportFiles",
    "environment": {
        "productName": "adf",
        "buildVersion": "1.0.070225.16",
        "environmentType": 3,
        "resourceName": "ADF-Practise-23062025",
        "resourceRegion": "eastus",
        "resourceGroup": "RG_ADF",
        "subscriptionId": "2b1587f3-945e-4ff8-be4e-114eaeac3a1a",
        "sessionId": "TFtfkGuo4jhDs33uN3oDfr",
        "operationId": "",
        "gitType": "live",
        "loggingKey": "d91fec47-ec16-43aa-9de3-a77aed4095aa"
    },
    "additionalInfo": {
        "selectedResource": "Join_Transformation_Inline_Dataset_0707",
        "selectedResourceType": "pipeline"
    }
}