{
    "name": "Web_Activity_0207",
    "properties": {
        "activities": [
            {
                "name": "Web1",
                "type": "WebActivity",
                "dependsOn": [],
                "policy": {
                    "timeout": "0.02:00:00",
                    "retry": 1,
                    "retryIntervalInSeconds": 30,
                    "secureOutput": false,
                    "secureInput": false
                },
                "userProperties": [],
                "typeProperties": {
                    "method": "GET",
                    "url": "https://dummy.restapiexample.com/api/v1/employees"
                }
            }
        ],
        "annotations": [],
        "lastPublishTime": "2025-07-06T09:21:11Z"
    },
    "type": "Microsoft.DataFactory/factories/pipelines"
}