{
    "now": "2025-07-13T16:34:42.040Z",
    "perfNow": 88517.60000002384,
    "diagnosticCorrelation": "6b1808ad-4e03-414a-956d-d1ae147dd1d8",
    "source": "DownloadSupportFiles",
    "environment": {
        "productName": "adf",
        "buildVersion": "1.0.070225.16",
        "environmentType": 3,
        "resourceName": "ADF-Practise-23062025",
        "resourceRegion": "eastus",
        "resourceGroup": "RG_ADF",
        "subscriptionId": "2b1587f3-945e-4ff8-be4e-114eaeac3a1a",
        "sessionId": "TFtfkGuo4jhDs33uN3oDfr",
        "operationId": "",
        "gitType": "live",
        "loggingKey": "d91fec47-ec16-43aa-9de3-a77aed4095aa"
    },
    "additionalInfo": {
        "selectedResource": "Data_Flow_Activity_-0607",
        "selectedResourceType": "pipeline"
    }
}