{
    "name": "IF_Activity_0207",
    "properties": {
        "activities": [
            {
                "name": "If Condition1",
                "type": "IfCondition",
                "dependsOn": [],
                "userProperties": [],
                "typeProperties": {
                    "expression": {
                        "value": "@bool(pipeline().parameters.copytooutput1)",
                        "type": "Expression"
                    },
                    "ifFalseActivities": [
                        {
                            "name": "Copy data2",
                            "type": "Copy",
                            "dependsOn": [],
                            "policy": {
                                "timeout": "0.12:00:00",
                                "retry": 0,
                                "retryIntervalInSeconds": 30,
                                "secureOutput": false,
                                "secureInput": false
                            },
                            "userProperties": [],
                            "typeProperties": {
                                "source": {
                                    "type": "BinarySource",
                                    "storeSettings": {
                                        "type": "AzureBlobStorageReadSettings",
                                        "recursive": true
                                    },
                                    "formatSettings": {
                                        "type": "BinaryReadSettings"
                                    }
                                },
                                "sink": {
                                    "type": "BinarySink",
                                    "storeSettings": {
                                        "type": "AzureBlobStorageWriteSettings"
                                    }
                                },
                                "enableStaging": false
                            },
                            "inputs": [
                                {
                                    "referenceName": "Input_Dataset_Text",
                                    "type": "DatasetReference"
                                }
                            ],
                            "outputs": [
                                {
                                    "referenceName": "outputlocationdataset",
                                    "type": "DatasetReference",
                                    "parameters": {
                                        "outputfolder": {
                                            "value": "@pipeline().parameters.outputfolder2",
                                            "type": "Expression"
                                        }
                                    }
                                }
                            ]
                        }
                    ],
                    "ifTrueActivities": [
                        {
                            "name": "Copy data1",
                            "type": "Copy",
                            "dependsOn": [],
                            "policy": {
                                "timeout": "0.12:00:00",
                                "retry": 0,
                                "retryIntervalInSeconds": 30,
                                "secureOutput": false,
                                "secureInput": false
                            },
                            "userProperties": [],
                            "typeProperties": {
                                "source": {
                                    "type": "BinarySource",
                                    "storeSettings": {
                                        "type": "AzureBlobStorageReadSettings",
                                        "recursive": true
                                    },
                                    "formatSettings": {
                                        "type": "BinaryReadSettings"
                                    }
                                },
                                "sink": {
                                    "type": "BinarySink",
                                    "storeSettings": {
                                        "type": "AzureBlobStorageWriteSettings"
                                    }
                                },
                                "enableStaging": false
                            },
                            "inputs": [
                                {
                                    "referenceName": "Input_Dataset_Text",
                                    "type": "DatasetReference"
                                }
                            ],
                            "outputs": [
                                {
                                    "referenceName": "outputlocationdataset",
                                    "type": "DatasetReference",
                                    "parameters": {
                                        "outputfolder": {
                                            "value": "@pipeline().parameters.output1folder",
                                            "type": "Expression"
                                        }
                                    }
                                }
                            ]
                        }
                    ]
                }
            }
        ],
        "parameters": {
            "copytooutput1": {
                "type": "string",
                "defaultValue": "true"
            },
            "output1folder": {
                "type": "string",
                "defaultValue": "output1"
            },
            "outputfolder2": {
                "type": "string",
                "defaultValue": "outpur2"
            }
        },
        "annotations": [],
        "lastPublishTime": "2025-07-06T09:17:36Z"
    },
    "type": "Microsoft.DataFactory/factories/pipelines"
}