{
    "now": "2025-07-13T16:34:37.703Z",
    "perfNow": 84181.10000002384,
    "diagnosticCorrelation": "188eb69f-b884-4c9c-8769-da15315fc6a0",
    "source": "DownloadSupportFiles",
    "environment": {
        "productName": "adf",
        "buildVersion": "1.0.070225.16",
        "environmentType": 3,
        "resourceName": "ADF-Practise-23062025",
        "resourceRegion": "eastus",
        "resourceGroup": "RG_ADF",
        "subscriptionId": "2b1587f3-945e-4ff8-be4e-114eaeac3a1a",
        "sessionId": "TFtfkGuo4jhDs33uN3oDfr",
        "operationId": "",
        "gitType": "live",
        "loggingKey": "d91fec47-ec16-43aa-9de3-a77aed4095aa"
    },
    "additionalInfo": {
        "selectedResource": "Copy_Activity_Dynamic_2406",
        "selectedResourceType": "pipeline"
    }
}