{
    "name": "Fail_Activity_0607",
    "properties": {
        "activities": [
            {
                "name": "Get Metadata1",
                "type": "GetMetadata",
                "dependsOn": [],
                "policy": {
                    "timeout": "0.12:00:00",
                    "retry": 0,
                    "retryIntervalInSeconds": 30,
                    "secureOutput": false,
                    "secureInput": false
                },
                "userProperties": [],
                "typeProperties": {
                    "dataset": {
                        "referenceName": "Input_Dataset_Text",
                        "type": "DatasetReference"
                    },
                    "fieldList": [
                        "exists"
                    ],
                    "storeSettings": {
                        "type": "AzureBlobStorageReadSettings",
                        "recursive": true,
                        "enablePartitionDiscovery": false
                    },
                    "formatSettings": {
                        "type": "BinaryReadSettings"
                    }
                }
            },
            {
                "name": "Fail1",
                "type": "Fail",
                "dependsOn": [
                    {
                        "activity": "Get Metadata1",
                        "dependencyConditions": [
                            "Succeeded"
                        ]
                    }
                ],
                "userProperties": [],
                "typeProperties": {
                    "message": "File Not Exists",
                    "errorCode": "7777777"
                }
            }
        ],
        "annotations": [],
        "lastPublishTime": "2025-07-06T09:18:56Z"
    },
    "type": "Microsoft.DataFactory/factories/pipelines"
}