{
    "now": "2025-07-13T16:34:15.525Z",
    "perfNow": 62002.90000000596,
    "diagnosticCorrelation": "7c45df0a-d7e6-4da1-8294-7cd8677adb74",
    "source": "DownloadSupportFiles",
    "environment": {
        "productName": "adf",
        "buildVersion": "1.0.070225.16",
        "environmentType": 3,
        "resourceName": "ADF-Practise-23062025",
        "resourceRegion": "eastus",
        "resourceGroup": "RG_ADF",
        "subscriptionId": "2b1587f3-945e-4ff8-be4e-114eaeac3a1a",
        "sessionId": "TFtfkGuo4jhDs33uN3oDfr",
        "operationId": "",
        "gitType": "live",
        "loggingKey": "d91fec47-ec16-43aa-9de3-a77aed4095aa"
    },
    "additionalInfo": {
        "selectedResource": "Alter_Transformation_Activity_0807",
        "selectedResourceType": "pipeline"
    }
}