{
    "name": "Pipeline_Dependency_0407",
    "properties": {
        "activities": [
            {
                "name": "If Condition1",
                "type": "IfCondition",
                "dependsOn": [],
                "userProperties": [],
                "typeProperties": {
                    "expression": {
                        "value": "True",
                        "type": "Expression"
                    }
                }
            },
            {
                "name": "If Condition2",
                "type": "IfCondition",
                "dependsOn": [
                    {
                        "activity": "If Condition1",
                        "dependencyConditions": [
                            "Skipped"
                        ]
                    }
                ],
                "userProperties": [],
                "typeProperties": {
                    "expression": {
                        "value": "True",
                        "type": "Expression"
                    }
                }
            },
            {
                "name": "If Condition3",
                "type": "IfCondition",
                "dependsOn": [
                    {
                        "activity": "If Condition1",
                        "dependencyConditions": [
                            "Succeeded"
                        ]
                    }
                ],
                "userProperties": [],
                "typeProperties": {
                    "expression": {
                        "value": "True",
                        "type": "Expression"
                    }
                }
            },
            {
                "name": "If Condition4",
                "type": "IfCondition",
                "dependsOn": [
                    {
                        "activity": "If Condition1",
                        "dependencyConditions": [
                            "Failed"
                        ]
                    }
                ],
                "userProperties": [],
                "typeProperties": {
                    "expression": {
                        "value": "True",
                        "type": "Expression"
                    }
                }
            }
        ],
        "annotations": [],
        "lastPublishTime": "2025-07-03T22:21:04Z"
    },
    "type": "Microsoft.DataFactory/factories/pipelines"
}