{
    "name": "Until_Activity_0507",
    "properties": {
        "activities": [
            {
                "name": "Until1",
                "type": "Until",
                "dependsOn": [],
                "userProperties": [],
                "typeProperties": {
                    "expression": {
                        "value": "@bool(variables('Status'))",
                        "type": "Expression"
                    },
                    "activities": [
                        {
                            "name": "Wait1",
                            "type": "Wait",
                            "dependsOn": [],
                            "userProperties": [],
                            "typeProperties": {
                                "waitTimeInSeconds": 10
                            }
                        },
                        {
                            "name": "Get Metadata1",
                            "type": "GetMetadata",
                            "dependsOn": [
                                {
                                    "activity": "Wait1",
                                    "dependencyConditions": [
                                        "Succeeded"
                                    ]
                                }
                            ],
                            "policy": {
                                "timeout": "0.12:00:00",
                                "retry": 0,
                                "retryIntervalInSeconds": 30,
                                "secureOutput": false,
                                "secureInput": false
                            },
                            "userProperties": [],
                            "typeProperties": {
                                "dataset": {
                                    "referenceName": "Input_Dataset_Text",
                                    "type": "DatasetReference"
                                },
                                "fieldList": [
                                    "exists"
                                ],
                                "storeSettings": {
                                    "type": "AzureBlobStorageReadSettings",
                                    "recursive": true,
                                    "enablePartitionDiscovery": false
                                },
                                "formatSettings": {
                                    "type": "BinaryReadSettings"
                                }
                            }
                        },
                        {
                            "name": "If Condition1",
                            "type": "IfCondition",
                            "dependsOn": [
                                {
                                    "activity": "Get Metadata1",
                                    "dependencyConditions": [
                                        "Succeeded"
                                    ]
                                }
                            ],
                            "userProperties": [],
                            "typeProperties": {
                                "expression": {
                                    "value": "@bool(activity('Get Metadata1').output.exists)",
                                    "type": "Expression"
                                },
                                "ifTrueActivities": [
                                    {
                                        "name": "Set variable1",
                                        "type": "SetVariable",
                                        "dependsOn": [],
                                        "policy": {
                                            "secureOutput": false,
                                            "secureInput": false
                                        },
                                        "userProperties": [],
                                        "typeProperties": {
                                            "variableName": "Status",
                                            "value": "True"
                                        }
                                    }
                                ]
                            }
                        }
                    ],
                    "timeout": "0.12:00:00"
                }
            },
            {
                "name": "Copy data1",
                "type": "Copy",
                "dependsOn": [
                    {
                        "activity": "Until1",
                        "dependencyConditions": [
                            "Succeeded"
                        ]
                    }
                ],
                "policy": {
                    "timeout": "0.12:00:00",
                    "retry": 0,
                    "retryIntervalInSeconds": 30,
                    "secureOutput": false,
                    "secureInput": false
                },
                "userProperties": [],
                "typeProperties": {
                    "source": {
                        "type": "BinarySource",
                        "storeSettings": {
                            "type": "AzureBlobStorageReadSettings",
                            "recursive": true
                        },
                        "formatSettings": {
                            "type": "BinaryReadSettings"
                        }
                    },
                    "sink": {
                        "type": "BinarySink",
                        "storeSettings": {
                            "type": "AzureBlobStorageWriteSettings"
                        }
                    },
                    "enableStaging": false
                },
                "inputs": [
                    {
                        "referenceName": "Input_Dataset_Text",
                        "type": "DatasetReference"
                    }
                ],
                "outputs": [
                    {
                        "referenceName": "Binary2",
                        "type": "DatasetReference"
                    }
                ]
            }
        ],
        "variables": {
            "Status": {
                "type": "String",
                "defaultValue": "false"
            }
        },
        "annotations": [],
        "lastPublishTime": "2025-07-06T09:17:36Z"
    },
    "type": "Microsoft.DataFactory/factories/pipelines"
}