{
    "now": "2025-07-13T16:33:36.190Z",
    "perfNow": 22667.80000001192,
    "diagnosticCorrelation": "9bd5d9c6-27b8-4eb2-a9f6-8e8f12ceb63e",
    "source": "DownloadSupportFiles",
    "environment": {
        "productName": "adf",
        "buildVersion": "1.0.070225.16",
        "environmentType": 3,
        "resourceName": "ADF-Practise-23062025",
        "resourceRegion": "eastus",
        "resourceGroup": "RG_ADF",
        "subscriptionId": "2b1587f3-945e-4ff8-be4e-114eaeac3a1a",
        "sessionId": "TFtfkGuo4jhDs33uN3oDfr",
        "operationId": "",
        "gitType": "live",
        "loggingKey": "d91fec47-ec16-43aa-9de3-a77aed4095aa"
    },
    "additionalInfo": {
        "selectedResource": "Aggegrate_Activity_0707",
        "selectedResourceType": "pipeline"
    }
}