{
    "name": "Pivot_Source",
    "properties": {
        "linkedServiceName": {
            "referenceName": "Linkedservice_Storage",
            "type": "LinkedServiceReference"
        },
        "annotations": [],
        "type": "DelimitedText",
        "typeProperties": {
            "location": {
                "type": "AzureBlobStorageLocation",
                "fileName": "test.csv",
                "folderPath": "input",
                "container": "adfdemo"
            },
            "columnDelimiter": ",",
            "escapeChar": "\\",
            "firstRowAsHeader": true,
            "quoteChar": "\""
        },
        "schema": [
            {
                "name": "State/UTs",
                "type": "String"
            },
            {
                "name": "Total Cases",
                "type": "String"
            },
            {
                "name": "Date",
                "type": "String"
            },
            {
                "name": "Year",
                "type": "String"
            }
        ]
    },
    "type": "Microsoft.DataFactory/factories/datasets"
}