{
    "now": "2025-07-13T16:36:35.055Z",
    "perfNow": 201533.10000002384,
    "diagnosticCorrelation": "eb1f9915-5a86-4e0e-8b35-55c7f86ca432",
    "source": "DownloadSupportFiles",
    "environment": {
        "productName": "adf",
        "buildVersion": "1.0.070225.16",
        "environmentType": 3,
        "resourceName": "ADF-Practise-23062025",
        "resourceRegion": "eastus",
        "resourceGroup": "RG_ADF",
        "subscriptionId": "2b1587f3-945e-4ff8-be4e-114eaeac3a1a",
        "sessionId": "TFtfkGuo4jhDs33uN3oDfr",
        "operationId": "",
        "gitType": "live",
        "loggingKey": "d91fec47-ec16-43aa-9de3-a77aed4095aa"
    },
    "additionalInfo": {
        "selectedResource": "Script_Activity_0607",
        "selectedResourceType": "pipeline"
    }
}