{
    "name": "Execute_Pipeline_0607",
    "properties": {
        "activities": [
            {
                "name": "Execute Pipeline1",
                "type": "ExecutePipeline",
                "dependsOn": [],
                "policy": {
                    "secureInput": false
                },
                "userProperties": [],
                "typeProperties": {
                    "pipeline": {
                        "referenceName": "Shree_Ganesh_2306",
                        "type": "PipelineReference"
                    },
                    "waitOnCompletion": true
                }
            }
        ],
        "annotations": [],
        "lastPublishTime": "2025-07-06T09:25:49Z"
    },
    "type": "Microsoft.DataFactory/factories/pipelines"
}