{
    "name": "Script_Activity_0607",
    "properties": {
        "activities": [
            {
                "name": "Script1",
                "type": "Script",
                "dependsOn": [],
                "policy": {
                    "timeout": "0.12:00:00",
                    "retry": 0,
                    "retryIntervalInSeconds": 30,
                    "secureOutput": false,
                    "secureInput": false
                },
                "userProperties": [],
                "linkedServiceName": {
                    "referenceName": "Linked_Service_SQL",
                    "type": "LinkedServiceReference",
                    "parameters": {
                        "dbname": "testdb"
                    }
                },
                "typeProperties": {
                    "scripts": [
                        {
                            "type": "Query",
                            "text": "create table tablename_0607(\nid int,\nname varchar(90)\n);"
                        }
                    ],
                    "scriptBlockExecutionTimeout": "02:00:00"
                }
            }
        ],
        "annotations": [],
        "lastPublishTime": "2025-07-06T09:50:27Z"
    },
    "type": "Microsoft.DataFactory/factories/pipelines"
}