{
    "name": "DelimitedText1",
    "properties": {
        "linkedServiceName": {
            "referenceName": "Linkedservice_Storage",
            "type": "LinkedServiceReference"
        },
        "annotations": [],
        "type": "DelimitedText",
        "typeProperties": {
            "location": {
                "type": "AzureBlobStorageLocation",
                "fileName": "data1 (1).txt",
                "folderPath": "input",
                "container": "adfdemo"
            },
            "columnDelimiter": ",",
            "escapeChar": "\\",
            "firstRowAsHeader": true,
            "quoteChar": "\""
        },
        "schema": [
            {
                "name": "121",
                "type": "String"
            },
            {
                "name": " sanjeev",
                "type": "String"
            },
            {
                "name": " 90",
                "type": "String"
            }
        ]
    },
    "type": "Microsoft.DataFactory/factories/datasets"
}