{
    "name": "Input_Dataset_Text",
    "properties": {
        "linkedServiceName": {
            "referenceName": "Linkedservice_Storage",
            "type": "LinkedServiceReference"
        },
        "annotations": [],
        "type": "Binary",
        "typeProperties": {
            "location": {
                "type": "AzureBlobStorageLocation",
                "fileName": "data1.txt",
                "folderPath": "input",
                "container": "adfdemo"
            }
        }
    },
    "type": "Microsoft.DataFactory/factories/datasets"
}