{
    "now": "2025-07-13T16:37:00.750Z",
    "perfNow": 227227.5,
    "diagnosticCorrelation": "e19332da-e824-435e-b770-e56a92f56b38",
    "source": "DownloadSupportFiles",
    "environment": {
        "productName": "adf",
        "buildVersion": "1.0.070225.16",
        "environmentType": 3,
        "resourceName": "ADF-Practise-23062025",
        "resourceRegion": "eastus",
        "resourceGroup": "RG_ADF",
        "subscriptionId": "2b1587f3-945e-4ff8-be4e-114eaeac3a1a",
        "sessionId": "TFtfkGuo4jhDs33uN3oDfr",
        "operationId": "",
        "gitType": "live",
        "loggingKey": "d91fec47-ec16-43aa-9de3-a77aed4095aa"
    },
    "additionalInfo": {
        "selectedResource": "Until_Activity_0102",
        "selectedResourceType": "pipeline"
    }
}