{
    "name": "Append_Vairable_2706",
    "properties": {
        "activities": [
            {
                "name": "Append variable1",
                "type": "AppendVariable",
                "dependsOn": [],
                "userProperties": [],
                "typeProperties": {
                    "variableName": "ListofFiles",
                    "value": {
                        "value": "@pipeline().parameters.FileName",
                        "type": "Expression"
                    }
                }
            }
        ],
        "concurrency": 2,
        "parameters": {
            "FileName": {
                "type": "string",
                "defaultValue": "SalesIndia.txt"
            }
        },
        "variables": {
            "ListofFiles": {
                "type": "Array",
                "defaultValue": [
                    "1",
                    "2",
                    "3"
                ]
            }
        },
        "annotations": [],
        "lastPublishTime": "2025-07-06T09:17:36Z"
    },
    "type": "Microsoft.DataFactory/factories/pipelines"
}