{
    "name": "Pivot_Transformation",
    "properties": {
        "type": "MappingDataFlow",
        "typeProperties": {
            "sources": [
                {
                    "dataset": {
                        "referenceName": "Pivot_Source",
                        "type": "DatasetReference"
                    },
                    "name": "source1"
                }
            ],
            "sinks": [
                {
                    "dataset": {
                        "referenceName": "Destination_Dataset",
                        "type": "DatasetReference"
                    },
                    "name": "sink1"
                }
            ],
            "transformations": [
                {
                    "name": "pivot"
                }
            ],
            "scriptLines": [
                "source(output(",
                "          {State/UTs} as string,",
                "          {Total Cases} as integer,",
                "          Date as string,",
                "          Year as string",
                "     ),",
                "     allowSchemaDrift: true,",
                "     validateSchema: false,",
                "     ignoreNoFilesFound: false) ~> source1",
                "source1 pivot(groupBy(Year),",
                "     pivotBy({Total Cases}),",
                "     sum = sum({Total Cases}),",
                "     columnNaming: '$N$V',",
                "     lateral: true) ~> pivot",
                "pivot sink(allowSchemaDrift: true,",
                "     validateSchema: false,",
                "     skipDuplicateMapInputs: true,",
                "     skipDuplicateMapOutputs: true) ~> sink1"
            ]
        }
    }
}