{
    "name": "Lookup_Vairable_If_Condition_0407",
    "properties": {
        "activities": [
            {
                "name": "Lookup1",
                "type": "Lookup",
                "dependsOn": [],
                "policy": {
                    "timeout": "0.12:00:00",
                    "retry": 0,
                    "retryIntervalInSeconds": 30,
                    "secureOutput": false,
                    "secureInput": false
                },
                "userProperties": [],
                "typeProperties": {
                    "source": {
                        "type": "SqlServerSource",
                        "queryTimeout": "02:00:00",
                        "partitionOption": "None"
                    },
                    "dataset": {
                        "referenceName": "Dataset_SQL_Table",
                        "type": "DatasetReference",
                        "parameters": {
                            "table_name": "Customer",
                            "db_name": "testdb",
                            "schema_name": "SalesLT"
                        }
                    }
                }
            },
            {
                "name": "Set variable1",
                "type": "SetVariable",
                "dependsOn": [
                    {
                        "activity": "Lookup1",
                        "dependencyConditions": [
                            "Succeeded"
                        ]
                    }
                ],
                "policy": {
                    "secureOutput": false,
                    "secureInput": false
                },
                "userProperties": [],
                "typeProperties": {
                    "variableName": "Last Refresh Date",
                    "value": {
                        "value": "@activity('Lookup1').output.firstRow.CustomerID",
                        "type": "Expression"
                    }
                }
            },
            {
                "name": "If Condition1",
                "type": "IfCondition",
                "dependsOn": [
                    {
                        "activity": "Set variable1",
                        "dependencyConditions": [
                            "Succeeded"
                        ]
                    }
                ],
                "userProperties": [],
                "typeProperties": {
                    "expression": {
                        "value": "@bool(pipeline().Pipeline)",
                        "type": "Expression"
                    },
                    "ifFalseActivities": [
                        {
                            "name": "Copy data2",
                            "type": "Copy",
                            "dependsOn": [],
                            "policy": {
                                "timeout": "0.12:00:00",
                                "retry": 0,
                                "retryIntervalInSeconds": 30,
                                "secureOutput": false,
                                "secureInput": false
                            },
                            "userProperties": [],
                            "typeProperties": {
                                "source": {
                                    "type": "SqlServerSource",
                                    "queryTimeout": "02:00:00",
                                    "partitionOption": "None"
                                },
                                "sink": {
                                    "type": "SqlServerSink",
                                    "writeBehavior": "insert",
                                    "sqlWriterUseTableLock": false
                                },
                                "enableStaging": false,
                                "translator": {
                                    "type": "TabularTranslator",
                                    "typeConversion": true,
                                    "typeConversionSettings": {
                                        "allowDataTruncation": true,
                                        "treatBooleanAsNumber": false
                                    }
                                }
                            },
                            "inputs": [
                                {
                                    "referenceName": "Dataset_SQL_Table",
                                    "type": "DatasetReference",
                                    "parameters": {
                                        "table_name": "employee",
                                        "db_name": "testdb",
                                        "schema_name": "dbo"
                                    }
                                }
                            ],
                            "outputs": [
                                {
                                    "referenceName": "Dataset_SQL_Table",
                                    "type": "DatasetReference",
                                    "parameters": {
                                        "table_name": "employeess",
                                        "db_name": "testdb",
                                        "schema_name": "dbo"
                                    }
                                }
                            ]
                        }
                    ],
                    "ifTrueActivities": [
                        {
                            "name": "Copy data1",
                            "type": "Copy",
                            "dependsOn": [],
                            "policy": {
                                "timeout": "0.12:00:00",
                                "retry": 0,
                                "retryIntervalInSeconds": 30,
                                "secureOutput": false,
                                "secureInput": false
                            },
                            "userProperties": [
                                {
                                    "name": "Source",
                                    "value": "@{'dbo'}.@{'employee'}"
                                },
                                {
                                    "name": "Destination",
                                    "value": "@{'dbo'}.@{'employees'}"
                                }
                            ],
                            "typeProperties": {
                                "source": {
                                    "type": "SqlServerSource",
                                    "queryTimeout": "02:00:00",
                                    "partitionOption": "None"
                                },
                                "sink": {
                                    "type": "SqlServerSink",
                                    "writeBehavior": "insert",
                                    "sqlWriterUseTableLock": false
                                },
                                "enableStaging": false,
                                "translator": {
                                    "type": "TabularTranslator",
                                    "typeConversion": true,
                                    "typeConversionSettings": {
                                        "allowDataTruncation": true,
                                        "treatBooleanAsNumber": false
                                    }
                                }
                            },
                            "inputs": [
                                {
                                    "referenceName": "Dataset_SQL_Table",
                                    "type": "DatasetReference",
                                    "parameters": {
                                        "table_name": "employee",
                                        "db_name": "testdb",
                                        "schema_name": "dbo"
                                    }
                                }
                            ],
                            "outputs": [
                                {
                                    "referenceName": "Dataset_SQL_Table",
                                    "type": "DatasetReference",
                                    "parameters": {
                                        "table_name": "employees",
                                        "db_name": "testdb",
                                        "schema_name": "dbo"
                                    }
                                }
                            ]
                        }
                    ]
                }
            }
        ],
        "variables": {
            "Last Refresh Date": {
                "type": "Integer"
            }
        },
        "annotations": [],
        "lastPublishTime": "2025-07-06T09:17:36Z"
    },
    "type": "Microsoft.DataFactory/factories/pipelines"
}