{
    "now": "2025-07-13T16:36:22.767Z",
    "perfNow": 189244.5,
    "diagnosticCorrelation": "08d349a3-9cd9-4632-bd81-01681d889742",
    "source": "DownloadSupportFiles",
    "environment": {
        "productName": "adf",
        "buildVersion": "1.0.070225.16",
        "environmentType": 3,
        "resourceName": "ADF-Practise-23062025",
        "resourceRegion": "eastus",
        "resourceGroup": "RG_ADF",
        "subscriptionId": "2b1587f3-945e-4ff8-be4e-114eaeac3a1a",
        "sessionId": "TFtfkGuo4jhDs33uN3oDfr",
        "operationId": "",
        "gitType": "live",
        "loggingKey": "d91fec47-ec16-43aa-9de3-a77aed4095aa"
    },
    "additionalInfo": {
        "selectedResource": "Lookup_Vairable_If_Condition_0407",
        "selectedResourceType": "pipeline"
    }
}