{
    "now": "2025-07-13T16:36:45.751Z",
    "perfNow": 212228.40000000596,
    "diagnosticCorrelation": "4ea1730d-12cb-47bc-af6f-3fa2ca83beb2",
    "source": "DownloadSupportFiles",
    "environment": {
        "productName": "adf",
        "buildVersion": "1.0.070225.16",
        "environmentType": 3,
        "resourceName": "ADF-Practise-23062025",
        "resourceRegion": "eastus",
        "resourceGroup": "RG_ADF",
        "subscriptionId": "2b1587f3-945e-4ff8-be4e-114eaeac3a1a",
        "sessionId": "TFtfkGuo4jhDs33uN3oDfr",
        "operationId": "",
        "gitType": "live",
        "loggingKey": "d91fec47-ec16-43aa-9de3-a77aed4095aa"
    },
    "additionalInfo": {
        "selectedResource": "Set_Variable_Activity_0407",
        "selectedResourceType": "pipeline"
    }
}