{
    "name": "BinaryDataSource_Folder",
    "properties": {
        "description": "It describes the folder in the data source store.",
        "linkedServiceName": {
            "referenceName": "Linkedservice_Storage",
            "type": "LinkedServiceReference"
        },
        "parameters": {
            "Container": {
                "type": "String"
            },
            "Directory": {
                "type": "String"
            }
        },
        "annotations": [],
        "type": "Binary",
        "typeProperties": {
            "location": {
                "type": "AzureBlobStorageLocation",
                "folderPath": {
                    "value": "@{dataset().Directory}",
                    "type": "Expression"
                },
                "container": {
                    "value": "@{dataset().Container}",
                    "type": "Expression"
                }
            }
        }
    },
    "type": "Microsoft.DataFactory/factories/datasets"
}