{
    "name": "Dataset_SQL_Table",
    "properties": {
        "linkedServiceName": {
            "referenceName": "Linked_Service_SQL",
            "type": "LinkedServiceReference",
            "parameters": {
                "dbname": {
                    "value": "@dataset().db_name",
                    "type": "Expression"
                }
            }
        },
        "parameters": {
            "table_name": {
                "type": "string",
                "defaultValue": "employee"
            },
            "db_name": {
                "type": "string",
                "defaultValue": "testdb"
            },
            "schema_name": {
                "type": "string",
                "defaultValue": "dbo"
            }
        },
        "annotations": [],
        "type": "SqlServerTable",
        "schema": [],
        "typeProperties": {
            "schema": {
                "value": "@dataset().schema_name",
                "type": "Expression"
            },
            "table": {
                "value": "@dataset().table_name",
                "type": "Expression"
            }
        }
    },
    "type": "Microsoft.DataFactory/factories/datasets"
}