{
    "name": "Aggergate_Transformation_",
    "properties": {
        "type": "MappingDataFlow",
        "typeProperties": {
            "sources": [
                {
                    "dataset": {
                        "referenceName": "Test_CSV",
                        "type": "DatasetReference"
                    },
                    "name": "source1"
                },
                {
                    "dataset": {
                        "referenceName": "Test_CSV",
                        "type": "DatasetReference"
                    },
                    "name": "source2"
                }
            ],
            "sinks": [
                {
                    "dataset": {
                        "referenceName": "Destination_Dataset",
                        "type": "DatasetReference"
                    },
                    "name": "Aggegrate1"
                }
            ],
            "transformations": [
                {
                    "name": "join1"
                },
                {
                    "name": "aggregate1"
                }
            ],
            "scriptLines": [
                "source(output(",
                "          {State/UTs} as string,",
                "          {Total Cases} as integer,",
                "          Date as date,",
                "          Year as integer",
                "     ),",
                "     allowSchemaDrift: true,",
                "     validateSchema: false,",
                "     ignoreNoFilesFound: false) ~> source1",
                "source(output(",
                "          {State/UTs} as string,",
                "          {Total Cases} as integer,",
                "          Date as date,",
                "          Year as integer",
                "     ),",
                "     allowSchemaDrift: true,",
                "     validateSchema: false,",
                "     ignoreNoFilesFound: false) ~> source2",
                "source1, source2 join(source1@Year == source2@Year,",
                "     joinType:'inner',",
                "     matchType:'exact',",
                "     ignoreSpaces: false,",
                "     broadcast: 'auto')~> join1",
                "join1 aggregate(groupBy(source1@{State/UTs},",
                "          source1@Year),",
                "     {Total Cases} = sum(source1@{Total Cases})) ~> aggregate1",
                "aggregate1 sink(allowSchemaDrift: true,",
                "     validateSchema: false,",
                "     skipDuplicateMapInputs: true,",
                "     skipDuplicateMapOutputs: true) ~> Aggegrate1"
            ]
        }
    }
}